{"stat.chestOpened":13,"stat.killEntity.Skeleton":7,"stat.walkOneCm":934622,"stat.useItem.minecraft.torch":343,"stat.trappedChestTriggered":1,"stat.playerKills":1,"achievement.openInventory":6,"stat.leaveGame":2,"stat.damageTaken":3840,"stat.killEntity.Spider":3,"stat.mineBlock.minecraft.torch":26,"stat.dispenserInspected":1,"stat.mobKills":25,"stat.killEntity.Creeper":2,"stat.entityKilledBy.Creeper":1,"stat.flyOneCm":387914,"stat.deaths":6,"stat.drop":3,"stat.jump":1241,"stat.swimOneCm":4206,"stat.playOneMinute":66562,"stat.killEntity.Witch":3,"stat.fallOneCm":227751,"stat.climbOneCm":1897,"stat.useItem.minecraft.wooden_sword":31,"stat.useItem.minecraft.stone_sword":103,"stat.damageDealt":8940,"stat.crouchOneCm":1036,"stat.killEntity.Zombie":10,"stat.timeSinceDeath":5841,"stat.useItem.minecraft.written_book":3,"stat.sprintOneCm":559540,"achievement.exploreAllBiomes":{"value":0,"progress":["Desert","MushroomIsland"]},"stat.diveOneCm":339}