{"stat.chestOpened":16,"stat.walkOneCm":1270985,"stat.useItem.minecraft.torch":448,"stat.trappedChestTriggered":1,"stat.playerKills":1,"stat.leaveGame":3,"stat.useItem.minecraft.skull":1,"stat.killEntity.Creeper":5,"stat.useItem.minecraft.potion":3,"stat.jump":1401,"stat.swimOneCm":4437,"stat.fallOneCm":253672,"stat.climbOneCm":11729,"stat.crouchOneCm":1036,"stat.useItem.minecraft.written_book":4,"stat.sprintOneCm":811297,"achievement.exploreAllBiomes":{"value":0,"progress":["Desert","MushroomIsland"]},"stat.killEntity.Skeleton":15,"achievement.openInventory":16,"stat.damageTaken":6704,"stat.killEntity.Spider":5,"stat.mineBlock.minecraft.torch":26,"stat.dispenserInspected":1,"stat.mobKills":50,"stat.entityKilledBy.Creeper":1,"stat.flyOneCm":420939,"stat.deaths":8,"stat.drop":3,"stat.playOneMinute":80001,"stat.killEntity.Witch":4,"stat.useItem.minecraft.wooden_sword":31,"stat.useItem.minecraft.cooked_beef":2,"stat.useItem.minecraft.stone_sword":179,"stat.damageDealt":16148,"stat.killEntity.Zombie":21,"stat.timeSinceDeath":1117,"stat.breakItem.minecraft.stone_sword":1,"stat.diveOneCm":339}