{"stat.chestOpened":10,"stat.killEntity.Skeleton":1,"stat.walkOneCm":577777,"stat.useItem.minecraft.torch":124,"stat.trappedChestTriggered":1,"stat.playerKills":1,"achievement.openInventory":2,"stat.leaveGame":2,"stat.damageTaken":3135,"stat.mineBlock.minecraft.torch":22,"stat.dispenserInspected":1,"stat.mobKills":6,"stat.flyOneCm":292734,"stat.deaths":5,"stat.drop":3,"stat.jump":1021,"stat.swimOneCm":4206,"stat.playOneMinute":53748,"stat.killEntity.Witch":2,"stat.fallOneCm":226893,"stat.climbOneCm":1653,"stat.useItem.minecraft.wooden_sword":31,"stat.damageDealt":2670,"stat.crouchOneCm":629,"stat.killEntity.Zombie":3,"stat.timeSinceDeath":16917,"stat.useItem.minecraft.written_book":3,"stat.sprintOneCm":296522,"achievement.exploreAllBiomes":{"value":0,"progress":["Desert","MushroomIsland"]},"stat.diveOneCm":339}