{"stat.chestOpened":84,"stat.useItem.minecraft.bow":62,"stat.useItem.minecraft.lapis_block":1,"stat.recordPlayed":1,"stat.leaveGame":9,"stat.killEntity.Ghast":2,"stat.useItem.minecraft.skull":1,"stat.killEntity.Blaze":18,"stat.useItem.minecraft.diamond_sword":1119,"stat.useItem.minecraft.heavy_weighted_pressure_plate":1,"stat.useItem.minecraft.potion":10,"stat.craftItem.minecraft.diamond_helmet":1,"stat.craftItem.minecraft.diamond_sword":4,"stat.killEntity.PigZombie":19,"stat.jump":3613,"stat.swimOneCm":9198,"stat.fallOneCm":1105672,"stat.climbOneCm":15286,"stat.crouchOneCm":25384,"achievement.exploreAllBiomes":{"value":0,"progress":["Beach","Cold Beach","Forest","Plains","Desert","MushroomIsland","Ice Plains Spikes","The End","Hell"]},"stat.craftingTableInteraction":6,"stat.dropperInspected":3,"stat.damageTaken":92056,"stat.mineBlock.minecraft.torch":26,"stat.dispenserInspected":1,"stat.tradedWithVillager":2,"stat.noteblockTuned":4,"stat.killEntity.CaveSpider":16,"stat.flyOneCm":881652,"stat.killEntity.Witch":21,"stat.entityKilledBy.Zombie":2,"stat.useItem.minecraft.cooked_beef":2,"stat.useItem.minecraft.stone_sword":179,"stat.damageDealt":174864,"stat.timeSinceDeath":34936,"stat.useItem.minecraft.record_13":1,"stat.hopperInspected":7,"stat.killEntity.Silverfish":239,"stat.walkOneCm":2921215,"stat.useItem.minecraft.torch":448,"stat.trappedChestTriggered":1,"stat.playerKills":2,"stat.treasureFished":1,"stat.furnaceInteraction":39,"stat.useItem.minecraft.emerald_block":1,"stat.killEntity.LavaSlime":34,"stat.killEntity.Creeper":26,"stat.talkedToVillager":4,"stat.useItem.minecraft.redstone_block":1,"stat.useItem.minecraft.item_frame":2,"stat.entityKilledBy.Skeleton":2,"stat.useItem.minecraft.written_book":16,"stat.sprintOneCm":1110436,"stat.craftItem.minecraft.stick":1,"stat.killEntity.Skeleton":31,"achievement.openInventory":125,"stat.itemEnchanted":8,"stat.killEntity.Spider":233,"stat.mobKills":807,"stat.entityKilledBy.Creeper":5,"stat.deaths":85,"stat.drop":14,"stat.useItem.minecraft.writable_book":11,"stat.playOneMinute":323829,"stat.useItem.minecraft.wooden_sword":31,"stat.killEntity.Zombie":129,"stat.craftItem.minecraft.dye":3,"stat.killEntity.Guardian":15,"stat.breakItem.minecraft.stone_sword":1,"stat.diveOneCm":35155,"stat.useItem.minecraft.fishing_rod":6}