{"stat.chestOpened":16,"stat.walkOneCm":1278030,"stat.useItem.minecraft.torch":448,"stat.trappedChestTriggered":1,"stat.playerKills":1,"stat.leaveGame":7,"stat.useItem.minecraft.skull":1,"stat.killEntity.Creeper":5,"stat.useItem.minecraft.potion":3,"stat.jump":1407,"stat.swimOneCm":4437,"stat.fallOneCm":289312,"stat.climbOneCm":11729,"stat.crouchOneCm":1036,"stat.useItem.minecraft.written_book":4,"stat.sprintOneCm":811528,"achievement.exploreAllBiomes":{"value":0,"progress":["Desert","MushroomIsland"]},"stat.killEntity.Skeleton":15,"achievement.openInventory":16,"stat.damageTaken":10219,"stat.killEntity.Spider":5,"stat.mineBlock.minecraft.torch":26,"stat.dispenserInspected":1,"stat.mobKills":50,"stat.entityKilledBy.Creeper":1,"stat.flyOneCm":421108,"stat.deaths":11,"stat.drop":3,"stat.playOneMinute":81637,"stat.killEntity.Witch":4,"stat.useItem.minecraft.wooden_sword":31,"stat.useItem.minecraft.cooked_beef":2,"stat.useItem.minecraft.stone_sword":179,"stat.damageDealt":16278,"stat.killEntity.Zombie":21,"stat.timeSinceDeath":112,"stat.breakItem.minecraft.stone_sword":1,"stat.diveOneCm":339}