{"stat.chestOpened":13,"stat.walkOneCm":1156601,"stat.useItem.minecraft.torch":354,"stat.useItem.minecraft.bread":9,"stat.trappedChestTriggered":5,"stat.playerKills":2,"stat.leaveGame":4,"stat.useItem.minecraft.skull":3,"stat.killEntity.Creeper":3,"stat.useItem.minecraft.diamond_sword":31,"stat.useItem.minecraft.potion":2,"stat.jump":1017,"stat.swimOneCm":1925,"stat.fallOneCm":289175,"stat.climbOneCm":13904,"stat.crouchOneCm":8894,"stat.useItem.minecraft.written_book":4,"stat.sprintOneCm":786201,"achievement.exploreAllBiomes":{"value":0,"progress":["Desert","MushroomIsland","Hell"]},"stat.killEntity.Skeleton":9,"stat.useItem.minecraft.golden_sword":20,"achievement.openInventory":32,"stat.damageTaken":4102,"stat.killEntity.Spider":3,"stat.mineBlock.minecraft.torch":2,"stat.dispenserInspected":1,"stat.mobKills":23,"stat.useItem.minecraft.golden_apple":1,"stat.flyOneCm":256034,"stat.deaths":5,"stat.drop":1,"stat.playOneMinute":73371,"stat.useItem.minecraft.cooked_beef":3,"stat.damageDealt":7650,"stat.killEntity.Zombie":8,"stat.timeSinceDeath":27400}