{"stat.chestOpened":7,"stat.walkOneCm":486364,"stat.useItem.minecraft.torch":43,"stat.trappedChestTriggered":1,"stat.playerKills":2,"stat.leaveGame":2,"stat.useItem.minecraft.potion":1,"stat.jump":942,"stat.swimOneCm":1734,"stat.fallOneCm":257179,"stat.climbOneCm":3443,"stat.crouchOneCm":7498,"stat.useItem.minecraft.written_book":3,"stat.sprintOneCm":260448,"achievement.exploreAllBiomes":{"value":0,"progress":["Desert","MushroomIsland"]},"achievement.openInventory":16,"stat.damageTaken":3347,"stat.dispenserInspected":1,"stat.flyOneCm":246134,"stat.deaths":5,"stat.drop":1,"stat.playOneMinute":47562,"stat.damageDealt":1298,"stat.timeSinceDeath":1591}