{"stat.chestOpened":11,"stat.walkOneCm":866642,"stat.useItem.minecraft.torch":222,"stat.useItem.minecraft.bread":7,"stat.trappedChestTriggered":3,"stat.playerKills":2,"stat.leaveGame":2,"stat.useItem.minecraft.skull":2,"stat.killEntity.Creeper":3,"stat.useItem.minecraft.diamond_sword":8,"stat.useItem.minecraft.potion":2,"stat.jump":972,"stat.swimOneCm":1734,"stat.fallOneCm":257706,"stat.climbOneCm":7542,"stat.crouchOneCm":7582,"stat.useItem.minecraft.written_book":3,"stat.sprintOneCm":550019,"achievement.exploreAllBiomes":{"value":0,"progress":["Desert","MushroomIsland","Hell"]},"stat.killEntity.Skeleton":8,"stat.useItem.minecraft.golden_sword":20,"achievement.openInventory":22,"stat.damageTaken":3788,"stat.killEntity.Spider":2,"stat.mineBlock.minecraft.torch":1,"stat.dispenserInspected":1,"stat.mobKills":16,"stat.flyOneCm":250789,"stat.deaths":5,"stat.drop":1,"stat.playOneMinute":60144,"stat.damageDealt":5660,"stat.killEntity.Zombie":3,"stat.timeSinceDeath":14173}