{"stat.chestOpened":4,"stat.walkOneCm":295630,"stat.trappedChestTriggered":1,"stat.playerKills":2,"achievement.openInventory":2,"stat.leaveGame":1,"stat.damageTaken":2230,"stat.flyOneCm":232775,"stat.deaths":3,"stat.drop":1,"stat.jump":829,"stat.swimOneCm":262,"stat.playOneMinute":35645,"stat.fallOneCm":252862,"stat.climbOneCm":1884,"stat.damageDealt":765,"stat.crouchOneCm":5626,"stat.timeSinceDeath":3484,"stat.useItem.minecraft.written_book":2,"stat.sprintOneCm":153378,"achievement.exploreAllBiomes":{"value":0,"progress":["Desert"]}}