{"stat.chestOpened":111,"stat.craftItem.minecraft.diamond_chestplate":2,"stat.beaconInteraction":4,"stat.useItem.minecraft.bow":67,"stat.walkOneCm":2679937,"stat.useItem.minecraft.torch":354,"stat.useItem.minecraft.bread":9,"stat.trappedChestTriggered":6,"stat.playerKills":8,"stat.craftItem.minecraft.diamond_leggings":2,"stat.leaveGame":9,"stat.furnaceInteraction":34,"stat.killEntity.Ghast":9,"stat.useItem.minecraft.skull":3,"stat.killEntity.Blaze":13,"stat.killEntity.LavaSlime":19,"stat.killEntity.Creeper":16,"stat.useItem.minecraft.diamond_sword":545,"stat.talkedToVillager":23,"stat.useItem.minecraft.heavy_weighted_pressure_plate":1,"stat.useItem.minecraft.potion":9,"stat.craftItem.minecraft.diamond_helmet":2,"stat.craftItem.minecraft.diamond_sword":5,"stat.killEntity.PigZombie":9,"stat.craftItem.minecraft.diamond_boots":2,"stat.jump":3395,"stat.swimOneCm":4828,"stat.fallOneCm":1282759,"stat.climbOneCm":21746,"stat.useItem.minecraft.item_frame":2,"stat.useItem.minecraft.redstone":4,"stat.entityKilledBy.Skeleton":2,"stat.crouchOneCm":22764,"stat.craftItem.minecraft.diamond":9,"stat.useItem.minecraft.written_book":10,"stat.craftItem.minecraft.chest":1,"stat.craftItem.minecraft.arrow":90,"stat.sprintOneCm":1214894,"achievement.exploreAllBiomes":{"value":0,"progress":["Beach","Cold Beach","Forest","Plains","Desert","MushroomIsland","Ice Plains Spikes","The End","Hell"]},"stat.craftItem.minecraft.stick":22,"stat.craftingTableInteraction":21,"stat.killEntity.Skeleton":17,"stat.dropperInspected":1,"stat.useItem.minecraft.golden_sword":20,"achievement.openInventory":224,"stat.killEntity.Chicken":1,"stat.itemEnchanted":10,"stat.brewingstandInteraction":2,"stat.damageTaken":100821,"stat.killEntity.Spider":53,"stat.junkFished":1,"stat.useItem.minecraft.diamond_pickaxe":1,"stat.mineBlock.minecraft.torch":2,"stat.dispenserInspected":1,"stat.useItem.minecraft.gold_block":1,"stat.tradedWithVillager":74,"stat.mobKills":321,"stat.noteblockTuned":6,"stat.craftItem.minecraft.bow":3,"stat.entityKilledBy.Creeper":4,"stat.useItem.minecraft.golden_apple":1,"stat.killEntity.CaveSpider":9,"stat.flyOneCm":809202,"stat.deaths":75,"stat.drop":33,"stat.useItem.minecraft.writable_book":13,"stat.playOneMinute":319955,"stat.killEntity.Witch":8,"stat.entityKilledBy.Zombie":1,"stat.useItem.minecraft.cooked_beef":3,"stat.craftItem.minecraft.diamond_block":45,"stat.killEntity.Villager":1,"stat.damageDealt":78761,"stat.craftItem.minecraft.diamond_pickaxe":1,"stat.killEntity.Zombie":81,"stat.timeSinceDeath":70994,"stat.craftItem.minecraft.dye":69,"stat.craftItem.minecraft.anvil":1,"stat.hopperInspected":6,"stat.killEntity.Silverfish":60,"stat.killEntity.Guardian":8,"stat.fishCaught":1,"stat.craftItem.minecraft.beacon":1,"stat.diveOneCm":39550,"stat.useItem.minecraft.fishing_rod":4}