{"stat.chestOpened":13,"stat.walkOneCm":1160184,"stat.useItem.minecraft.torch":354,"stat.useItem.minecraft.bread":9,"stat.trappedChestTriggered":5,"stat.playerKills":2,"stat.leaveGame":8,"stat.useItem.minecraft.skull":3,"stat.killEntity.Creeper":3,"stat.useItem.minecraft.diamond_sword":31,"stat.useItem.minecraft.potion":2,"stat.jump":1019,"stat.swimOneCm":1986,"stat.fallOneCm":326347,"stat.climbOneCm":13904,"stat.crouchOneCm":8894,"stat.useItem.minecraft.written_book":4,"stat.sprintOneCm":786201,"achievement.exploreAllBiomes":{"value":0,"progress":["Desert","MushroomIsland","Hell"]},"stat.killEntity.Skeleton":9,"stat.useItem.minecraft.golden_sword":20,"achievement.openInventory":33,"stat.damageTaken":7590,"stat.killEntity.Spider":3,"stat.mineBlock.minecraft.torch":2,"stat.dispenserInspected":1,"stat.mobKills":23,"stat.useItem.minecraft.golden_apple":1,"stat.flyOneCm":256331,"stat.deaths":8,"stat.drop":1,"stat.playOneMinute":74784,"stat.useItem.minecraft.cooked_beef":3,"stat.damageDealt":7665,"stat.killEntity.Zombie":8,"stat.timeSinceDeath":204,"stat.diveOneCm":268}