{"stat.chestOpened":4,"stat.walkOneCm":156165,"stat.trappedChestTriggered":1,"stat.playerKills":2,"achievement.openInventory":2,"stat.leaveGame":1,"stat.damageTaken":1260,"stat.flyOneCm":141018,"stat.deaths":2,"stat.drop":1,"stat.jump":551,"stat.playOneMinute":23235,"stat.fallOneCm":144493,"stat.climbOneCm":424,"stat.damageDealt":350,"stat.crouchOneCm":4537,"stat.timeSinceDeath":5039,"stat.useItem.minecraft.written_book":2,"stat.sprintOneCm":67419,"achievement.exploreAllBiomes":{"value":0,"progress":["Desert"]}}